what,kind,bundleId,bundleVersion,description,time
executed,command,org.eclipse.ui,3.5.2.M20100120-0800,"org.eclipse.ui.edit.paste",1273203600192
executed,command,org.eclipse.ui,3.5.2.M20100120-0800,"org.eclipse.ui.file.save",1273203600755
deactivated,workbench,org.eclipse.ui.workbench,3.5.2.M20100113-0800,"",1273203601087
activated,workbench,org.eclipse.ui.workbench,3.5.2.M20100113-0800,"",1273203612585
deactivated,workbench,org.eclipse.ui.workbench,3.5.2.M20100113-0800,"",1273203612659
activated,workbench,org.eclipse.ui.workbench,3.5.2.M20100113-0800,"",1273203613887
executed,command,org.eclipse.ui,3.5.2.M20100120-0800,"org.eclipse.ui.file.save",1273203622744
activated,view,org.eclipse.ui.ide,3.5.2.M20100113-0800,"org.eclipse.ui.views.ProblemView",1273203625778
opened,editor,org.eclipse.pde.ui,3.5.1.v201001121200,"org.eclipse.pde.ui.manifestEditor",1273203627531
activated,editor,org.eclipse.pde.ui,3.5.1.v201001121200,"org.eclipse.pde.ui.manifestEditor",1273203627605
activated,editor,org.eclipse.xtext.xtext.ui,0.7.2.v200908120607,"org.eclipse.xtext.Xtext",1273203630450
closed,editor,org.eclipse.pde.ui,3.5.1.v201001121200,"org.eclipse.pde.ui.manifestEditor",1273203630450
activated,view,org.eclipse.jdt.ui,3.5.2.r352_v20100106-0800,"org.eclipse.jdt.ui.PackageExplorer",1273203633435
executed,command,org.eclipse.pde.ui,3.5.1.v201001121200,"org.eclipse.pde.ui.runtimeWorkbenchShortcut.run",1273203638213
deactivated,workbench,org.eclipse.ui.workbench,3.5.2.M20100113-0800,"",1273203640959
activated,workbench,org.eclipse.ui.workbench,3.5.2.M20100113-0800,"",1273203742167
deactivated,workbench,org.eclipse.ui.workbench,3.5.2.M20100113-0800,"",1273203748725
activated,workbench,org.eclipse.ui.workbench,3.5.2.M20100113-0800,"",1273203755389
deactivated,workbench,org.eclipse.ui.workbench,3.5.2.M20100113-0800,"",1273203758266
activated,workbench,org.eclipse.ui.workbench,3.5.2.M20100113-0800,"",1273203760669
deactivated,workbench,org.eclipse.ui.workbench,3.5.2.M20100113-0800,"",1273203777374
activated,workbench,org.eclipse.ui.workbench,3.5.2.M20100113-0800,"",1273203784994
started,bundle,org.eclipse.emf.mwe.ui,0.7.2.v200908120417,"org.eclipse.emf.mwe.ui",1273203793966
executed,command,,,"org.eclipse.emf.mwe.ui.debug.launching.shortcut.run",1273203793992
opened,view,org.eclipse.ui.console,3.4.0.v20090513,"org.eclipse.ui.console.ConsoleView",1273203795349
executed,command,,,"org.eclipse.emf.mwe.ui.debug.launching.shortcut.run",1273203822211
activated,view,org.eclipse.ui.console,3.4.0.v20090513,"org.eclipse.ui.console.ConsoleView",1273203830665
executed,command,org.eclipse.ui,3.5.2.M20100120-0800,"org.eclipse.ui.edit.copy",1273203831214
deactivated,workbench,org.eclipse.ui.workbench,3.5.2.M20100113-0800,"",1273203832147
activated,workbench,org.eclipse.ui.workbench,3.5.2.M20100113-0800,"",1273203838200
executed,command,org.eclipse.ui,3.5.2.M20100120-0800,"org.eclipse.ui.edit.copy",1273203847648
started,bundle,org.eclipse.ui.externaltools,3.2.0.v20090504,"org.eclipse.ui.externaltools",1273203851183
started,bundle,org.eclipse.equinox.p2.ui,1.0.101.R35x_v20090819,"org.eclipse.equinox.p2.ui",1273203853388
started,bundle,org.eclipse.equinox.p2.ui.sdk,1.0.100.v20090520-1905,"org.eclipse.equinox.p2.ui.sdk",1273203853393
started,bundle,org.eclipse.equinox.p2.metadata,1.0.101.R35x_v20100112,"org.eclipse.equinox.p2.metadata",1273203853442
deactivated,workbench,org.eclipse.ui.workbench,3.5.2.M20100113-0800,"",1273203854825
executed,command,org.eclipse.ui,3.5.2.M20100120-0800,"org.eclipse.ui.edit.paste",1273203856627
started,bundle,org.eclipse.equinox.p2.artifact.repository,1.0.101.R35x_v20090721,"org.eclipse.equinox.p2.artifact.repository",1273203859328
started,bundle,org.eclipse.equinox.p2.extensionlocation,1.0.100.v20090520-1905,"org.eclipse.equinox.p2.extensionlocation",1273203860504
started,bundle,org.eclipse.equinox.p2.updatesite,1.0.101.R35x_20100105,"org.eclipse.equinox.p2.updatesite",1273203861768
started,bundle,org.eclipse.equinox.p2.publisher,1.0.1.R35x_20100105,"org.eclipse.equinox.p2.publisher",1273203861770
activated,workbench,org.eclipse.ui.workbench,3.5.2.M20100113-0800,"",1273203876111
executed,command,org.eclipse.equinox.p2.ui.sdk,1.0.100.v20090520-1905,"org.eclipse.equinox.p2.ui.sdk.install",1273203876149
deactivated,workbench,org.eclipse.ui.workbench,3.5.2.M20100113-0800,"",1273203878683
executed,command,org.eclipse.ui,3.5.2.M20100120-0800,"org.eclipse.ui.edit.paste",1273203879707
error,log,,,"Unable to load the repository http://www.vectrace.com/mercurialeclipse/",1273203887146
started,bundle,org.eclipse.equinox.p2.touchpoint.eclipse,1.0.101.R35x_20090820-1821,"org.eclipse.equinox.p2.touchpoint.eclipse",1273203894020
activated,workbench,org.eclipse.ui.workbench,3.5.2.M20100113-0800,"",1273203901803
executed,command,org.eclipse.equinox.p2.ui.sdk,1.0.100.v20090520-1905,"org.eclipse.equinox.p2.ui.sdk.install",1273203901833
deactivated,workbench,org.eclipse.ui.workbench,3.5.2.M20100113-0800,"",1273203902160
activated,workbench,org.eclipse.ui.workbench,3.5.2.M20100113-0800,"",1273204064120
closed,workbench,org.eclipse.ui.workbench,3.5.2.M20100113-0800,"",1273204064310
stopped,bundle,org.eclipse.xtext.example.domainmodel.ui,0.7.2.v200908120607,"org.eclipse.xtext.example.domainmodel.ui",1273204064876
stopped,bundle,org.eclipse.xtext.example.domainmodel,0.7.2.v200908120607,"org.eclipse.xtext.example.domainmodel",1273204064877
stopped,bundle,org.eclipse.xtext.example.ecoredsl.ui,0.7.2.v200908120607,"org.eclipse.xtext.example.ecoredsl.ui",1273204064877
stopped,bundle,org.eclipse.xtext.example.ecoredsl,0.7.2.v200908120607,"org.eclipse.xtext.example.ecoredsl",1273204064878
stopped,bundle,org.eclipse.xtext.example.fowlerdsl.ui,0.7.2.v200908120607,"org.eclipse.xtext.example.fowlerdsl.ui",1273204064879
stopped,bundle,org.eclipse.xtext.example.fowlerdsl,0.7.2.v200908120607,"org.eclipse.xtext.example.fowlerdsl",1273204064880
stopped,bundle,org.eclipse.xtext.reference.ui,0.7.2.v200908120607,"org.eclipse.xtext.reference.ui",1273204064889
stopped,bundle,org.eclipse.xtext.reference,0.7.2.v200908120607,"org.eclipse.xtext.reference",1273204064889
stopped,bundle,org.eclipse.xtext.generator,0.7.2.v200908120607,"org.eclipse.xtext.generator",1273204064890
stopped,bundle,org.eclipse.xtext.xtext.ui,0.7.2.v200908120607,"org.eclipse.xtext.xtext.ui",1273204064892
stopped,bundle,org.eclipse.xtext.xtend,0.7.2.v200908120607,"org.eclipse.xtext.xtend",1273204064893
stopped,bundle,org.eclipse.xtext.ui.common,0.7.2.v200908120607,"org.eclipse.xtext.ui.common",1273204064893
stopped,bundle,org.eclipse.xtext.ui.core,0.7.2.v200908120607,"org.eclipse.xtext.ui.core",1273204064893
stopped,bundle,org.eclipse.emf.index.ui,0.7.0.v200908120607,"org.eclipse.emf.index.ui",1273204064893
stopped,bundle,org.eclipse.emf.index,0.7.0.v200908120607,"org.eclipse.emf.index",1273204064894
stopped,bundle,org.eclipse.emf.compare.ui,1.0.1.v200909161031,"org.eclipse.emf.compare.ui",1273204064894
stopped,bundle,com.vectrace.MercurialEclipse,1.4.1286,"com.vectrace.MercurialEclipse",1273204064897
stopped,bundle,org.eclipse.team.svn.mylyn,0.7.8.I20091023-1300,"org.eclipse.team.svn.mylyn",1273204064897
stopped,bundle,org.eclipse.team.svn.ui,0.7.8.I20091023-1300,"org.eclipse.team.svn.ui",1273204064905
stopped,bundle,org.eclipse.acceleo.ide.ui,0.8.1.v200909161003,"org.eclipse.acceleo.ide.ui",1273204064906
stopped,bundle,org.eclipse.emf.mint.ui,0.8.0.v200906161513,"org.eclipse.emf.mint.ui",1273204064907
stopped,bundle,org.eclipse.xpand.ui,0.7.2.v200908120436,"org.eclipse.xpand.ui",1273204064907
stopped,bundle,org.eclipse.emf.generic.editor,0.7.2.v200908120436,"org.eclipse.emf.generic.editor",1273204064908
stopped,bundle,org.eclipse.xtend.check.ui,0.7.2.v200908120436,"org.eclipse.xtend.check.ui",1273204064908
stopped,bundle,org.eclipse.xtend.typesystem.emf.ui,0.7.2.v200908120436,"org.eclipse.xtend.typesystem.emf.ui",1273204064908
stopped,bundle,org.eclipse.xtend.typesystem.uml2.ui,0.7.2.v200908120436,"org.eclipse.xtend.typesystem.uml2.ui",1273204064908
stopped,bundle,org.eclipse.xtend.typesystem.xsd.ui,0.7.2.v200908120436,"org.eclipse.xtend.typesystem.xsd.ui",1273204064909
stopped,bundle,org.eclipse.xtend.ui,0.7.2.v200908120436,"org.eclipse.xtend.ui",1273204064909
stopped,bundle,org.eclipse.xtend.shared.ui,0.7.2.v200908120436,"org.eclipse.xtend.shared.ui",1273204064909
stopped,bundle,org.eclipse.emf.mwe.ui,0.7.2.v200908120417,"org.eclipse.emf.mwe.ui",1273204064909
stopped,bundle,org.eclipse.uml2.diagram.codegen.edit,0.9.0.v200906190654,"org.eclipse.uml2.diagram.codegen.edit",1273204064910
stopped,bundle,org.eclipse.uml2.diagram.codegen,0.9.0.v200906190654,"org.eclipse.uml2.diagram.codegen",1273204064917
stopped,bundle,org.eclipse.gmf.codegen.ui,1.1.100.v20090424-1042,"org.eclipse.gmf.codegen.ui",1273204064918
stopped,bundle,org.eclipse.gmf.bridge.ui.dashboard,2.0.0.v20090114-0940,"org.eclipse.gmf.bridge.ui.dashboard",1273204064919
stopped,bundle,org.eclipse.gmf.doc.ui,1.3.0.v20090729-2029,"org.eclipse.gmf.doc.ui",1273204064919
stopped,bundle,org.eclipse.gmf.bridge.ui,1.2.1.v20090812-1620,"org.eclipse.gmf.bridge.ui",1273204064920
stopped,bundle,org.eclipse.gmf.bridge.trace,1.0.200.v20090520-1343,"org.eclipse.gmf.bridge.trace",1273204064920
stopped,bundle,org.eclipse.gmf.bridge,1.1.0.v20090528-1000,"org.eclipse.gmf.bridge",1273204064921
stopped,bundle,org.eclipse.gmf.codegen.edit,2.2.0.v20090416-1925,"org.eclipse.gmf.codegen.edit",1273204064923
stopped,bundle,org.eclipse.uml2.diagram.def,0.9.0.v200906190654,"org.eclipse.uml2.diagram.def",1273204064924
stopped,bundle,org.eclipse.gmf.codegen,2.2.1.v20090812-1620,"org.eclipse.gmf.codegen",1273204064924
stopped,bundle,org.eclipse.gmf.graphdef.codegen,2.0.100.v20090520-1343,"org.eclipse.gmf.graphdef.codegen",1273204064925
stopped,bundle,org.eclipse.gmf.map.edit,2.2.0.v20090114-1925,"org.eclipse.gmf.map.edit",1273204064926
stopped,bundle,org.eclipse.gmf.graphdef.edit,2.0.200.v20090216-1925,"org.eclipse.gmf.graphdef.edit",1273204064927
stopped,bundle,org.eclipse.gmf.map,2.2.0.v20090520-1343,"org.eclipse.gmf.map",1273204064927
stopped,bundle,org.eclipse.gmf.tooldef.edit,2.0.100.v20090114-0940,"org.eclipse.gmf.tooldef.edit",1273204064928
stopped,bundle,org.eclipse.gmf.tooldef,2.0.0.v20090114-0940,"org.eclipse.gmf.tooldef",1273204064929
stopped,bundle,org.eclipse.gmf.common,1.1.100.v20090420-1925,"org.eclipse.gmf.common",1273204064930
stopped,bundle,org.eclipse.datatools.sqltools.debugger.core.ui,1.0.0.v200906022302,"org.eclipse.datatools.sqltools.debugger.core.ui",1273204064930
stopped,bundle,org.eclipse.mylyn.ide.ant,3.2.3.v20100217-0100-e3x,"org.eclipse.mylyn.ide.ant",1273204064931
stopped,bundle,org.eclipse.m2m.qvt.oml.ui,2.0.0.v20090526-1940,"org.eclipse.m2m.qvt.oml.ui",1273204064932
stopped,bundle,org.eclipse.mylyn.pde.ui,3.2.3.v20100217-0100-e3x,"org.eclipse.mylyn.pde.ui",1273204064933
stopped,bundle,org.eclipse.pde.api.tools.ui,1.0.101.v20090820,"org.eclipse.pde.api.tools.ui",1273204064934
stopped,bundle,fr.obeo.acceleo.bridge.ui,2.7.0.201004012231,"fr.obeo.acceleo.bridge.ui",1273204064935
stopped,bundle,fr.obeo.acceleo.chain.editor,2.7.0.201004012231,"fr.obeo.acceleo.chain.editor",1273204064935
stopped,bundle,fr.obeo.acceleo.chain.edit,2.7.0.201004012231,"fr.obeo.acceleo.chain.edit",1273204064936
stopped,bundle,fr.obeo.acceleo.chain.ui,2.7.0.201004012231,"fr.obeo.acceleo.chain.ui",1273204064937
stopped,bundle,fr.obeo.acceleo.chain,2.7.0.201004012231,"fr.obeo.acceleo.chain",1273204064938
stopped,bundle,fr.obeo.acceleo.gen.debug.ui,2.7.0.201004012231,"fr.obeo.acceleo.gen.debug.ui",1273204064938
stopped,bundle,fr.obeo.acceleo.gen.profiler.editor,2.7.0.201004012231,"fr.obeo.acceleo.gen.profiler.editor",1273204064940
stopped,bundle,org.acceleo.gen.ui,3.0.0.201004012301,"org.acceleo.gen.ui",1273204064940
stopped,bundle,fr.obeo.acceleo.gen.ui,2.7.0.201004012231,"fr.obeo.acceleo.gen.ui",1273204064940
stopped,bundle,fr.obeo.acceleo.ecore.ui,2.7.0.201004012231,"fr.obeo.acceleo.ecore.ui",1273204064941
stopped,bundle,fr.obeo.acceleo.uml14.ui,2.7.0.201004012231,"fr.obeo.acceleo.uml14.ui",1273204064941
stopped,bundle,fr.obeo.acceleo.tools.ui,2.7.0.201004012231,"fr.obeo.acceleo.tools.ui",1273204064942
stopped,bundle,org.eclipse.pde.runtime,3.4.100.v20090731,"org.eclipse.pde.runtime",1273204064943
stopped,bundle,org.eclipse.pde.ua.ui,1.0.0.v20090511,"org.eclipse.pde.ua.ui",1273204064944
stopped,bundle,org.eclipse.pde.ui.templates,3.4.100.v20090527,"org.eclipse.pde.ui.templates",1273204064945
stopped,bundle,org.eclipse.datatools.connectivity.oda.template.ui,3.2.0.v200906020553,"org.eclipse.datatools.connectivity.oda.template.ui",1273204064946
stopped,bundle,org.eclipse.pde.ds.ui,1.0.0.v20100209-maintenance,"org.eclipse.pde.ds.ui",1273204064947
stopped,bundle,org.eclipse.pde.ui,3.5.1.v201001121200,"org.eclipse.pde.ui",1273204064947
stopped,bundle,org.eclipse.ant.ui,3.4.2.v20091204_r352,"org.eclipse.ant.ui",1273204064948
stopped,bundle,org.eclipse.mylyn.java.tasks,3.2.3.v20100217-0100-e3x,"org.eclipse.mylyn.java.tasks",1273204064948
stopped,bundle,org.eclipse.mylyn.java.ui,3.2.3.v20100217-0100-e3x,"org.eclipse.mylyn.java.ui",1273204064949
stopped,bundle,org.eclipse.jdt.junit,3.5.2.r352_v20100113-0800,"org.eclipse.jdt.junit",1273204064950
stopped,bundle,org.eclipse.jdt.debug.ui,3.4.1.v20090811_r351,"org.eclipse.jdt.debug.ui",1273204064950
stopped,bundle,org.eclipse.m2m.qvt.oml.editor.ui,2.0.1.v20090701-2200,"org.eclipse.m2m.qvt.oml.editor.ui",1273204064950
stopped,bundle,net.java.amateras.umleditor.java,1.3.2,"net.java.amateras.umleditor.java",1273204064950
stopped,bundle,org.eclipse.jdt.apt.ui,3.3.200.v20090930-2100_R35x,"org.eclipse.jdt.apt.ui",1273204064951
stopped,bundle,org.eclipse.jdt.ui,3.5.2.r352_v20100106-0800,"org.eclipse.jdt.ui",1273204064953
stopped,bundle,org.eclipse.wst.dtd.ui,1.0.400.v200904300717,"org.eclipse.wst.dtd.ui",1273204064954
stopped,bundle,org.eclipse.wst.xsd.ui,1.2.204.v200909021537,"org.eclipse.wst.xsd.ui",1273204064955
stopped,bundle,org.eclipse.wst.xml.ui,1.1.2.v201001222130,"org.eclipse.wst.xml.ui",1273204064955
stopped,bundle,org.eclipse.wst.common.ui,1.1.402.v200901262305,"org.eclipse.wst.common.ui",1273204064956
stopped,bundle,org.eclipse.mylyn.bugzilla.ui,3.2.3.v20100217-0100-e3x,"org.eclipse.mylyn.bugzilla.ui",1273204064961
stopped,bundle,org.eclipse.mylyn.ide.ui,3.2.3.v20100217-0100-e3x,"org.eclipse.mylyn.ide.ui",1273204064964
stopped,bundle,org.eclipse.mylyn.team.ui,3.2.3.v20100217-0100-e3x,"org.eclipse.mylyn.team.ui",1273204064964
stopped,bundle,org.eclipse.mylyn.resources.ui,3.2.3.v20100217-0100-e3x,"org.eclipse.mylyn.resources.ui",1273204064965
stopped,bundle,org.eclipse.mylyn.wikitext.tasks.ui,1.1.3.v20100217-0100-e3x,"org.eclipse.mylyn.wikitext.tasks.ui",1273204064965
stopped,bundle,org.eclipse.mylyn.context.ui,3.2.3.v20100217-0100-e3x,"org.eclipse.mylyn.context.ui",1273204064966
stopped,bundle,org.eclipse.mylyn.help.ui,3.2.3.v20100217-0100-e3x,"org.eclipse.mylyn.help.ui",1273204064967
stopped,bundle,org.eclipse.mylyn.tasks.bugs,3.2.3.v20100217-0100-e3x,"org.eclipse.mylyn.tasks.bugs",1273204064968
stopped,bundle,org.eclipse.mylyn.tasks.ui,3.2.3.v20100217-0100-e3x,"org.eclipse.mylyn.tasks.ui",1273204064968
stopped,bundle,org.eclipse.wst.sse.ui,1.1.102.v200910200227,"org.eclipse.wst.sse.ui",1273204064970
stopped,bundle,org.eclipse.search,3.5.1.r351_v20090708-0800,"org.eclipse.search",1273204064975
stopped,bundle,org.eclipse.ltk.ui.refactoring,3.4.101.r352_v20100209,"org.eclipse.ltk.ui.refactoring",1273204064975
stopped,bundle,org.eclipse.team.cvs.ui,3.3.202.r35x_20090930-0800,"org.eclipse.team.cvs.ui",1273204064975
stopped,bundle,org.eclipse.team.ui,3.5.0.I20090430-0408,"org.eclipse.team.ui",1273204064995
stopped,bundle,org.eclipse.compare,3.5.2.r35x_20100113-0800,"org.eclipse.compare",1273204064996
stopped,bundle,org.eclipse.emf.ecoretools.diagram,0.9.0.v200906221231,"org.eclipse.emf.ecoretools.diagram",1273204064997
stopped,bundle,org.eclipse.gmf.ecore.editor,2.1.0.v20090529-1925,"org.eclipse.gmf.ecore.editor",1273204064998
stopped,bundle,org.eclipse.uml2.diagram.activity,0.9.0.v200906190654,"org.eclipse.uml2.diagram.activity",1273204065001
stopped,bundle,org.eclipse.uml2.diagram.clazz,0.9.0.v200906190654,"org.eclipse.uml2.diagram.clazz",1273204065009
stopped,bundle,org.eclipse.uml2.diagram.component,0.9.0.v200906190654,"org.eclipse.uml2.diagram.component",1273204065012
stopped,bundle,org.eclipse.uml2.diagram.csd,0.9.0.v200906190654,"org.eclipse.uml2.diagram.csd",1273204065013
stopped,bundle,org.eclipse.uml2.diagram.deploy,0.9.0.v200906190654,"org.eclipse.uml2.diagram.deploy",1273204065014
stopped,bundle,org.eclipse.uml2.diagram.profile,0.9.0.v200906190654,"org.eclipse.uml2.diagram.profile",1273204065015
stopped,bundle,org.eclipse.uml2.diagram.sequence,0.9.0.v200906190654,"org.eclipse.uml2.diagram.sequence",1273204065016
stopped,bundle,org.eclipse.uml2.diagram.statemachine,0.9.0.v200906190654,"org.eclipse.uml2.diagram.statemachine",1273204065019
stopped,bundle,org.eclipse.uml2.diagram.usecase,0.9.0.v200906190654,"org.eclipse.uml2.diagram.usecase",1273204065022
stopped,bundle,org.eclipse.gmf.runtime.diagram.ui.providers.ide,1.2.0.v20090403-1720,"org.eclipse.gmf.runtime.diagram.ui.providers.ide",1273204065022
stopped,bundle,org.eclipse.gmf.runtime.common.ui.action.ide,1.2.0.v20090403-1720,"org.eclipse.gmf.runtime.common.ui.action.ide",1273204065023
stopped,bundle,org.eclipse.uml2.diagram.common,0.9.0.v200906190654,"org.eclipse.uml2.diagram.common",1273204065023
stopped,bundle,org.eclipse.uml2.diagram.parser,0.9.0.v200906190654,"org.eclipse.uml2.diagram.parser",1273204065024
stopped,bundle,org.eclipse.emf.ecoretools.filters,0.8.0.v200906221231,"org.eclipse.emf.ecoretools.filters",1273204065024
stopped,bundle,org.eclipse.gmf.runtime.diagram.ui.geoshapes,1.2.0.v20090403-1720,"org.eclipse.gmf.runtime.diagram.ui.geoshapes",1273204065025
stopped,bundle,org.eclipse.gmf.runtime.diagram.ui.render,1.3.0.v20091126-1420,"org.eclipse.gmf.runtime.diagram.ui.render",1273204065026
stopped,bundle,org.eclipse.gmf.runtime.diagram.ui.printing.render,1.2.1.v20090729-2029,"org.eclipse.gmf.runtime.diagram.ui.printing.render",1273204065027
stopped,bundle,org.eclipse.gmf.runtime.diagram.ui.printing,1.3.0.v20091021-2333,"org.eclipse.gmf.runtime.diagram.ui.printing",1273204065028
stopped,bundle,org.eclipse.gmf.runtime.diagram.ui.providers,1.3.0.v20091126-1420,"org.eclipse.gmf.runtime.diagram.ui.providers",1273204065047
stopped,bundle,org.eclipse.gmf.runtime.diagram.ui.resources.editor.ide,1.2.0.v20090403-1720,"org.eclipse.gmf.runtime.diagram.ui.resources.editor.ide",1273204065048
stopped,bundle,org.eclipse.gmf.runtime.diagram.ui.resources.editor,1.3.0.v20100113-1121,"org.eclipse.gmf.runtime.diagram.ui.resources.editor",1273204065049
stopped,bundle,org.eclipse.gmf.runtime.diagram.ui.properties,1.3.0.v20100113-1121,"org.eclipse.gmf.runtime.diagram.ui.properties",1273204065049
activated,perspective,org.eclipse.jdt.ui,,"org.eclipse.jdt.ui.JavaPerspective",1273204242866
started,bundle,org.eclipse.osgi,3.5.2.R35x_v20100126,"org.eclipse.osgi",1273204242867
started,bundle,org.eclipse.equinox.simpleconfigurator,1.0.101.R35x_v20090807-1100,"org.eclipse.equinox.simpleconfigurator",1273204242868
started,bundle,com.ibm.icu,4.0.1.v20090822,"com.ibm.icu",1273204242868
started,bundle,org.eclipse.compare.core,3.5.0.I20090430-0408,"org.eclipse.compare.core",1273204242869
started,bundle,org.eclipse.core.contenttype,3.4.1.R35x_v20090826-0451,"org.eclipse.core.contenttype",1273204242869
started,bundle,org.eclipse.core.databinding.observable,1.2.0.M20090902-0800,"org.eclipse.core.databinding.observable",1273204242870
started,bundle,org.eclipse.core.filebuffers,3.5.0.v20090526-2000,"org.eclipse.core.filebuffers",1273204242870
started,bundle,org.eclipse.core.jobs,3.4.100.v20090429-1800,"org.eclipse.core.jobs",1273204242870
started,bundle,org.eclipse.core.net,1.2.1.r35x_20090812-1200,"org.eclipse.core.net",1273204242870
started,bundle,org.eclipse.core.runtime,3.5.0.v20090525,"org.eclipse.core.runtime",1273204242870
started,bundle,org.eclipse.core.runtime.compatibility,3.2.0.v20090413,"org.eclipse.core.runtime.compatibility",1273204242871
started,bundle,org.eclipse.core.runtime.compatibility.auth,3.2.100.v20090413,"org.eclipse.core.runtime.compatibility.auth",1273204242871
started,bundle,org.eclipse.core.variables,3.2.200.v20090521,"org.eclipse.core.variables",1273204242871
started,bundle,org.eclipse.ecf,3.0.0.v20090831-1906,"org.eclipse.ecf",1273204242871
started,bundle,org.eclipse.ecf.filetransfer,3.0.0.v20090831-1906,"org.eclipse.ecf.filetransfer",1273204242871
started,bundle,org.eclipse.ecf.identity,3.0.0.v20090831-1906,"org.eclipse.ecf.identity",1273204242871
started,bundle,org.eclipse.ecf.provider.filetransfer,3.0.1.v20090831-1906,"org.eclipse.ecf.provider.filetransfer",1273204242871
started,bundle,org.eclipse.ecf.provider.filetransfer.httpclient,3.0.1.v20090831-1906,"org.eclipse.ecf.provider.filetransfer.httpclient",1273204242871
started,bundle,org.eclipse.emf.common,2.5.0.v200906151043,"org.eclipse.emf.common",1273204242871
started,bundle,org.eclipse.emf.common.ui,2.5.0.v200906151043,"org.eclipse.emf.common.ui",1273204242871
started,bundle,org.eclipse.emf.ecore,2.5.0.v200906151043,"org.eclipse.emf.ecore",1273204242871
started,bundle,org.eclipse.emf.ecore.xmi,2.5.0.v200906151043,"org.eclipse.emf.ecore.xmi",1273204242872
started,bundle,org.eclipse.emf.edit,2.5.0.v200906151043,"org.eclipse.emf.edit",1273204242872
started,bundle,org.eclipse.emf.edit.ui,2.5.0.v200906151043,"org.eclipse.emf.edit.ui",1273204242872
started,bundle,org.eclipse.emf.mapping.ecore2xml,2.5.0.v200906151043,"org.eclipse.emf.mapping.ecore2xml",1273204242872
started,bundle,org.eclipse.emf.validation,1.3.0.v200901271722,"org.eclipse.emf.validation",1273204242872
started,bundle,org.eclipse.equinox.common,3.5.1.R35x_v20090807-1100,"org.eclipse.equinox.common",1273204242872
started,bundle,org.eclipse.equinox.ds,1.1.1.R35x_v20090806,"org.eclipse.equinox.ds",1273204242872
started,bundle,org.eclipse.equinox.frameworkadmin,1.0.100.v20090520-1905,"org.eclipse.equinox.frameworkadmin",1273204242873
started,bundle,org.eclipse.equinox.p2.artifact.repository,1.0.101.R35x_v20090721,"org.eclipse.equinox.p2.artifact.repository",1273204242873
started,bundle,org.eclipse.equinox.p2.core,1.0.101.R35x_v20090819,"org.eclipse.equinox.p2.core",1273204242873
started,bundle,org.eclipse.equinox.p2.directorywatcher,1.0.100.v20090525,"org.eclipse.equinox.p2.directorywatcher",1273204242874
started,bundle,org.eclipse.equinox.p2.exemplarysetup,1.0.100.v20090520-1905,"org.eclipse.equinox.p2.exemplarysetup",1273204242874
started,bundle,org.eclipse.equinox.p2.extensionlocation,1.0.100.v20090520-1905,"org.eclipse.equinox.p2.extensionlocation",1273204242874
started,bundle,org.eclipse.equinox.p2.garbagecollector,1.0.100.v20090520-1905,"org.eclipse.equinox.p2.garbagecollector",1273204242874
started,bundle,org.eclipse.equinox.p2.metadata.repository,1.0.101.R35x_v20090812,"org.eclipse.equinox.p2.metadata.repository",1273204242874
started,bundle,org.eclipse.equinox.p2.reconciler.dropins,1.0.100.v20090520-1905,"org.eclipse.equinox.p2.reconciler.dropins",1273204242874
started,bundle,org.eclipse.equinox.p2.touchpoint.eclipse,1.0.101.R35x_20090820-1821,"org.eclipse.equinox.p2.touchpoint.eclipse",1273204242875
started,bundle,org.eclipse.equinox.p2.ui.sdk.scheduler,1.0.0.v20090520-1905,"org.eclipse.equinox.p2.ui.sdk.scheduler",1273204242875
started,bundle,org.eclipse.equinox.p2.updatechecker,1.1.0.v20090520-1905,"org.eclipse.equinox.p2.updatechecker",1273204242875
started,bundle,org.eclipse.equinox.registry,3.4.100.v20090520-1800,"org.eclipse.equinox.registry",1273204242875
started,bundle,org.eclipse.equinox.security,1.0.100.v20090520-1800,"org.eclipse.equinox.security",1273204242875
started,bundle,org.eclipse.equinox.util,1.0.100.v20090520-1800,"org.eclipse.equinox.util",1273204242875
started,bundle,org.eclipse.help,3.4.1.v20090805_35x,"org.eclipse.help",1273204242875
started,bundle,org.eclipse.jdt.core.manipulation,1.3.0.v20090603,"org.eclipse.jdt.core.manipulation",1273204242875
started,bundle,org.eclipse.jdt.launching.macosx,3.2.0.v20090527,"org.eclipse.jdt.launching.macosx",1273204242876
started,bundle,org.eclipse.jet.ui,1.0.0.v200906120900,"org.eclipse.jet.ui",1273204242876
started,bundle,org.eclipse.jsch.core,1.1.100.I20090430-0408,"org.eclipse.jsch.core",1273204242876
started,bundle,org.eclipse.mylyn.commons.net,3.2.0.v20090617-0100-e3x,"org.eclipse.mylyn.commons.net",1273204242876
started,bundle,org.eclipse.search,3.5.1.r351_v20090708-0800,"org.eclipse.search",1273204242876
started,bundle,org.eclipse.team.cvs.core,3.3.200.I20090430-0408,"org.eclipse.team.cvs.core",1273204242876
started,bundle,org.eclipse.team.ui,3.5.0.I20090430-0408,"org.eclipse.team.ui",1273204242876
started,bundle,org.eclipse.ui.console,3.4.0.v20090513,"org.eclipse.ui.console",1273204242876
started,bundle,org.eclipse.ui.editors,3.5.0.v20090527-2000,"org.eclipse.ui.editors",1273204242876
started,bundle,org.eclipse.ui.forms,3.4.1.v20090714_35x,"org.eclipse.ui.forms",1273204242877
started,bundle,org.eclipse.ui.net,1.2.1.r35x_20090812-1200,"org.eclipse.ui.net",1273204242877
started,bundle,org.eclipse.ui.views,3.4.1.M20090826-0800,"org.eclipse.ui.views",1273204242877
started,bundle,org.eclipse.ui.views.log,1.0.100.v20090731,"org.eclipse.ui.views.log",1273204242877
started,bundle,org.eclipse.uml2.diagram.common,0.9.0.v200906190654,"org.eclipse.uml2.diagram.common",1273204242877
started,bundle,org.eclipse.uml2.uml,3.0.1.v200908281330,"org.eclipse.uml2.uml",1273204242877
started,bundle,org.eclipse.update.configurator,3.3.0.v20090312,"org.eclipse.update.configurator",1273204242877
started,bundle,org.eclipse.update.core,3.2.300.v20090525,"org.eclipse.update.core",1273204242878
started,bundle,org.eclipse.update.scheduler,3.2.200.v20081127,"org.eclipse.update.scheduler",1273204242878
started,bundle,org.eclipse.xsd,2.5.0.v200906151043,"org.eclipse.xsd",1273204242878
started,bundle,org.eclipse.xtend.shared.ui,0.7.2.v200908120436,"org.eclipse.xtend.shared.ui",1273204242878
started,bundle,org.eclipse.xtend.typesystem.emf.ui,0.7.2.v200908120436,"org.eclipse.xtend.typesystem.emf.ui",1273204242878
started,bundle,org.eclipse.xtend.typesystem.uml2.ui,0.7.2.v200908120436,"org.eclipse.xtend.typesystem.uml2.ui",1273204242878
started,bundle,org.eclipse.xtend.typesystem.xsd.ui,0.7.2.v200908120436,"org.eclipse.xtend.typesystem.xsd.ui",1273204242878
started,bundle,org.eclipse.xtext.logging,0.7.2.v200908120607,"org.eclipse.xtext.logging",1273204242878
started,bundle,org.eclipse.xtext.ui.common,0.7.2.v200908120607,"org.eclipse.xtext.ui.common",1273204242878
started,bundle,org.eclipse.xtext.ui.core,0.7.2.v200908120607,"org.eclipse.xtext.ui.core",1273204242878
started,bundle,org.eclipse.xtext.xtext.ui,0.7.2.v200908120607,"org.eclipse.xtext.xtext.ui",1273204242879
started,bundle,com.vectrace.MercurialEclipse,1.4.1286,"com.vectrace.MercurialEclipse",1273204242879
started,bundle,org.eclipse.team.svn.core,0.7.8.I20091023-1300,"org.eclipse.team.svn.core",1273204242879
